Date,Price
2024-01-01 00:00:00 UTC,312.13562141703204
2024-01-02 00:00:00 UTC,314.8090243019822
2024-01-03 00:00:00 UTC,312.1281269389321
2024-01-04 00:00:00 UTC,316.25686981455095
2024-01-05 00:00:00 UTC,323.1908908831624
2024-01-06 00:00:00 UTC,317.1360633838788
2024-01-07 00:00:00 UTC,307.5822810158495
2024-01-08 00:00:00 UTC,302.34431251494595
2024-01-09 00:00:00 UTC,304.4079114436878
2024-01-10 00:00:00 UTC,301.0258937007486
2024-01-11 00:00:00 UTC,305.3729176547247
2024-01-12 00:00:00 UTC,308.2886658578193
2024-01-13 00:00:00 UTC,296.78385646671904
2024-01-14 00:00:00 UTC,302.1937344871412
2024-01-15 00:00:00 UTC,299.40249177259903
2024-01-16 00:00:00 UTC,317.96910509773306
2024-01-17 00:00:00 UTC,315.48070323291495
2024-01-18 00:00:00 UTC,309.34175002958136
2024-01-19 00:00:00 UTC,314.5677329220257
2024-01-20 00:00:00 UTC,314.0674293261276
2024-01-21 00:00:00 UTC,315.97627175384287
2024-01-22 00:00:00 UTC,318.6325570123344
2024-01-23 00:00:00 UTC,304.7222133333107
2024-01-24 00:00:00 UTC,298.50958748664317
2024-01-25 00:00:00 UTC,293.3538084214872
2024-01-26 00:00:00 UTC,292.0604392592448
2024-01-27 00:00:00 UTC,302.0226742114041
2024-01-28 00:00:00 UTC,305.7822741600565
2024-01-29 00:00:00 UTC,304.8048510071795
2024-01-30 00:00:00 UTC,310.7480866931902
2024-01-31 00:00:00 UTC,307.3215919447753
2024-02-01 00:00:00 UTC,300.2133197962691
2024-02-02 00:00:00 UTC,299.91140489999145
2024-02-03 00:00:00 UTC,301.1743543985105
2024-02-04 00:00:00 UTC,299.71815324854197
2024-02-05 00:00:00 UTC,304.7648432086672
2024-02-06 00:00:00 UTC,300.81169435831123
2024-02-07 00:00:00 UTC,302.80203539789846
2024-02-08 00:00:00 UTC,307.8797114234207
2024-02-09 00:00:00 UTC,319.31080021633784
2024-02-10 00:00:00 UTC,323.39926577986324
2024-02-11 00:00:00 UTC,322.83361107940965
2024-02-12 00:00:00 UTC,320.51049489651786
2024-02-13 00:00:00 UTC,327.9132978808212
2024-02-14 00:00:00 UTC,325.11173255625624
2024-02-15 00:00:00 UTC,333.8536985075189
2024-02-16 00:00:00 UTC,355.02746003084934
2024-02-17 00:00:00 UTC,360.95788287844164
2024-02-18 00:00:00 UTC,352.82914719992834
2024-02-19 00:00:00 UTC,350.1690092811547
2024-02-20 00:00:00 UTC,351.8214066446114
2024-02-21 00:00:00 UTC,355.1049978271054
2024-02-22 00:00:00 UTC,378.9295030528572
2024-02-23 00:00:00 UTC,382.1413995274651
2024-02-24 00:00:00 UTC,375.42971250175134
2024-02-25 00:00:00 UTC,381.9276527408514
2024-02-26 00:00:00 UTC,388.56271382386035
2024-02-27 00:00:00 UTC,401.2142854224812
2024-02-28 00:00:00 UTC,395.0555551914822
2024-02-29 00:00:00 UTC,416.2538492385853
2024-03-01 00:00:00 UTC,399.78649632596665
2024-03-02 00:00:00 UTC,407.3488446334545
2024-03-03 00:00:00 UTC,410.83653411544765
2024-03-04 00:00:00 UTC,414.1969057841646
2024-03-05 00:00:00 UTC,420.0075598101946
2024-03-06 00:00:00 UTC,396.65672648040294
2024-03-07 00:00:00 UTC,428.80213449035654
2024-03-08 00:00:00 UTC,473.4638575740399
2024-03-09 00:00:00 UTC,485.3064086191258
2024-03-10 00:00:00 UTC,490.13736064360677
2024-03-11 00:00:00 UTC,528.9501964460305
2024-03-12 00:00:00 UTC,522.8420431012881
2024-03-13 00:00:00 UTC,539.4042062887337
2024-03-14 00:00:00 UTC,628.4543092213498
2024-03-15 00:00:00 UTC,603.2657507579988
2024-03-16 00:00:00 UTC,621.6567029445225
2024-03-17 00:00:00 UTC,575.4381141809567
2024-03-18 00:00:00 UTC,572.0297309383858
2024-03-19 00:00:00 UTC,554.2073180923328
2024-03-20 00:00:00 UTC,507.01221814701705
2024-03-21 00:00:00 UTC,556.5082042653142
2024-03-22 00:00:00 UTC,553.7225434912489
2024-03-23 00:00:00 UTC,549.8607543980085
2024-03-24 00:00:00 UTC,554.1644153997655
2024-03-25 00:00:00 UTC,568.7407679771118
2024-03-26 00:00:00 UTC,586.4285039935903
2024-03-27 00:00:00 UTC,580.8520230009177
2024-03-28 00:00:00 UTC,575.5479374384904
2024-03-29 00:00:00 UTC,583.2907441256798
2024-03-30 00:00:00 UTC,616.5829205548276
2024-03-31 00:00:00 UTC,601.2065057456366
2024-04-01 00:00:00 UTC,606.6259820801984
2024-04-02 00:00:00 UTC,577.9573539863145
2024-04-03 00:00:00 UTC,550.8593008357556
2024-04-04 00:00:00 UTC,563.5991778362661
2024-04-05 00:00:00 UTC,585.5721433827005
2024-04-06 00:00:00 UTC,580.0675207216524
2024-04-07 00:00:00 UTC,585.3939720444681
2024-04-08 00:00:00 UTC,584.2989455387399
2024-04-09 00:00:00 UTC,587.4568516935112
2024-04-10 00:00:00 UTC,581.1647037421283
2024-04-11 00:00:00 UTC,609.123248
2024-04-12 00:00:00 UTC,605.5067164919742
2024-04-13 00:00:00 UTC,596.6581334690918
2024-04-14 00:00:00 UTC,557.2794114511632
2024-04-15 00:00:00 UTC,567.9021769
2024-04-16 00:00:00 UTC,553.3017633641251
2024-04-17 00:00:00 UTC,536.8348802946696
2024-04-18 00:00:00 UTC,535.0175176971552
2024-04-19 00:00:00 UTC,551.5807533445236
2024-04-20 00:00:00 UTC,556.7663487174977
2024-04-21 00:00:00 UTC,570.6183474282204
2024-04-22 00:00:00 UTC,578.8970832148715
2024-04-23 00:00:00 UTC,605.2562833353201
2024-04-24 00:00:00 UTC,606.9990457775368
2024-04-25 00:00:00 UTC,607.5531188061954
2024-04-26 00:00:00 UTC,614.4011068572441
2024-04-27 00:00:00 UTC,597.8836087058611
2024-04-28 00:00:00 UTC,596.3986208196151
2024-04-29 00:00:00 UTC,599.5751191835121
2024-04-30 00:00:00 UTC,593.2491133866707
2024-05-01 00:00:00 UTC,578.1898622510048
2024-05-02 00:00:00 UTC,562.2202212
2024-05-03 00:00:00 UTC,560.7053414580814
2024-05-04 00:00:00 UTC,586.4329441429846
2024-05-05 00:00:00 UTC,585.7091919899577
2024-05-06 00:00:00 UTC,591.5696864234413
2024-05-07 00:00:00 UTC,587.9975276703907
2024-05-08 00:00:00 UTC,577.8207580787184
2024-05-09 00:00:00 UTC,588.6001816817056
2024-05-10 00:00:00 UTC,596.3634049227411
2024-05-11 00:00:00 UTC,585.6320949
2024-05-12 00:00:00 UTC,591.5322705643867
2024-05-13 00:00:00 UTC,594.0478928219344
2024-05-14 00:00:00 UTC,591.4430302446636
2024-05-15 00:00:00 UTC,566.6540797108654
2024-05-16 00:00:00 UTC,582.2776668543061
2024-05-17 00:00:00 UTC,569.1833921144822
2024-05-18 00:00:00 UTC,581.3528348007209
2024-05-19 00:00:00 UTC,579.6733289621226
2024-05-20 00:00:00 UTC,574.2318739013161
2024-05-21 00:00:00 UTC,600.7777660119472
2024-05-22 00:00:00 UTC,618.8192565287056
2024-05-23 00:00:00 UTC,614.7193778227489
2024-05-24 00:00:00 UTC,598.7991409330791
2024-05-25 00:00:00 UTC,600.0237430352892
2024-05-26 00:00:00 UTC,602.1852898
2024-05-27 00:00:00 UTC,600.0099567532791
2024-05-28 00:00:00 UTC,603.7379863160476
2024-05-29 00:00:00 UTC,601.0271998
2024-05-30 00:00:00 UTC,595.1906949308271
2024-05-31 00:00:00 UTC,595.0819435647909
2024-06-01 00:00:00 UTC,593.7073159967216
2024-06-02 00:00:00 UTC,600.9239789843393
2024-06-03 00:00:00 UTC,602.9471398632894
2024-06-04 00:00:00 UTC,626.5645549
2024-06-05 00:00:00 UTC,686.5106675772284
2024-06-06 00:00:00 UTC,699.924112
2024-06-07 00:00:00 UTC,710.0434830589062
2024-06-08 00:00:00 UTC,683.3383279797964
2024-06-09 00:00:00 UTC,682.7827497468624
2024-06-10 00:00:00 UTC,673.4953051
2024-06-11 00:00:00 UTC,624.1111865882733
2024-06-12 00:00:00 UTC,601.6892499687187
2024-06-13 00:00:00 UTC,618.8387734028372
2024-06-14 00:00:00 UTC,599.1566520664575
2024-06-15 00:00:00 UTC,603.0538175934126
2024-06-16 00:00:00 UTC,607.8065562169128
2024-06-17 00:00:00 UTC,609.8330309332431
2024-06-18 00:00:00 UTC,603.9317705958817
2024-06-19 00:00:00 UTC,588.3547299332587
2024-06-20 00:00:00 UTC,598.1823995707931
2024-06-21 00:00:00 UTC,586.9059353494202
2024-06-22 00:00:00 UTC,585.8611030285144
2024-06-23 00:00:00 UTC,590.5596486180493
2024-06-24 00:00:00 UTC,577.1123058
2024-06-25 00:00:00 UTC,568.2866257920481
2024-06-26 00:00:00 UTC,578.1017031
2024-06-27 00:00:00 UTC,571.9653901943021
2024-06-28 00:00:00 UTC,580.4848098316352
2024-06-29 00:00:00 UTC,566.7791835235641
2024-06-30 00:00:00 UTC,569.0379792
2024-07-01 00:00:00 UTC,581.7785946481981
2024-07-02 00:00:00 UTC,576.4582104446572
2024-07-03 00:00:00 UTC,579.0244502710267
2024-07-04 00:00:00 UTC,556.9797154228937
2024-07-05 00:00:00 UTC,513.9453755496933
2024-07-06 00:00:00 UTC,498.62196780135304
2024-07-07 00:00:00 UTC,527.4566371635227
2024-07-08 00:00:00 UTC,489.8966088738004
2024-07-09 00:00:00 UTC,510.23246278627056
2024-07-10 00:00:00 UTC,516.6700504533386
2024-07-11 00:00:00 UTC,524.2934683955484
2024-07-12 00:00:00 UTC,525.4243568486237
2024-07-13 00:00:00 UTC,533.7969359
2024-07-14 00:00:00 UTC,531.8300862413389
2024-07-15 00:00:00 UTC,544.9923777318921
2024-07-16 00:00:00 UTC,586.5021629410871
2024-07-17 00:00:00 UTC,577.0733320025251
2024-07-18 00:00:00 UTC,568.6629868188512
2024-07-19 00:00:00 UTC,571.9732791484945
2024-07-20 00:00:00 UTC,593.6286687768509
2024-07-21 00:00:00 UTC,593.7583912963933
2024-07-22 00:00:00 UTC,601.817244
2024-07-23 00:00:00 UTC,589.2926472
2024-07-24 00:00:00 UTC,582.4529136231971
2024-07-25 00:00:00 UTC,574.4106472326896
2024-07-26 00:00:00 UTC,570.9283836332269
2024-07-27 00:00:00 UTC,581.0688197159623
2024-07-28 00:00:00 UTC,582.1631652390556
2024-07-29 00:00:00 UTC,584.4214798073752
2024-07-30 00:00:00 UTC,574.7212730893208
2024-07-31 00:00:00 UTC,585.8203686347002
2024-08-01 00:00:00 UTC,576.7235905020976
2024-08-02 00:00:00 UTC,575.3955117876043
2024-08-03 00:00:00 UTC,542.9536431671482
2024-08-04 00:00:00 UTC,529.8247632
2024-08-05 00:00:00 UTC,495.9642974
2024-08-06 00:00:00 UTC,464.9172230655701
2024-08-07 00:00:00 UTC,483.58147031545303
2024-08-08 00:00:00 UTC,474.91517548175267
2024-08-09 00:00:00 UTC,517.0200212361478
2024-08-10 00:00:00 UTC,508.50598966236623
2024-08-11 00:00:00 UTC,523.4081972371441
2024-08-12 00:00:00 UTC,503.4723056454186
2024-08-13 00:00:00 UTC,518.7522169712583
2024-08-14 00:00:00 UTC,523.5534548294074
2024-08-15 00:00:00 UTC,523.8422624962476
2024-08-16 00:00:00 UTC,519.9897914144176
2024-08-17 00:00:00 UTC,519.7178383319489
2024-08-18 00:00:00 UTC,542.0283725
2024-08-19 00:00:00 UTC,530.6035820721123
2024-08-20 00:00:00 UTC,561.3466933045529
2024-08-21 00:00:00 UTC,569.5129223388254
2024-08-22 00:00:00 UTC,569.5545076353214
2024-08-23 00:00:00 UTC,583.7567536762228
2024-08-24 00:00:00 UTC,590.4688964429359
2024-08-25 00:00:00 UTC,580.9115618477243
2024-08-26 00:00:00 UTC,573.1076363
2024-08-27 00:00:00 UTC,548.8530122031234
2024-08-28 00:00:00 UTC,534.6723254250207
2024-08-29 00:00:00 UTC,536.5579977474256
2024-08-30 00:00:00 UTC,536.8036844570744
2024-08-31 00:00:00 UTC,535.4547657229192
2024-09-01 00:00:00 UTC,532.7142189592856
2024-09-02 00:00:00 UTC,512.8645441575117
2024-09-03 00:00:00 UTC,526.1346608462134
2024-09-04 00:00:00 UTC,518.9769919279926
2024-09-05 00:00:00 UTC,508.0001826075747
2024-09-06 00:00:00 UTC,502.3364802943831
2024-09-07 00:00:00 UTC,486.61133722783063
2024-09-08 00:00:00 UTC,493.1697725825615
2024-09-09 00:00:00 UTC,502.47327648981104
2024-09-10 00:00:00 UTC,519.0381441947187
2024-09-11 00:00:00 UTC,517.3715262
2024-09-12 00:00:00 UTC,530.7261556082223
2024-09-13 00:00:00 UTC,543.9941131094093
2024-09-14 00:00:00 UTC,557.3001014335761
2024-09-15 00:00:00 UTC,553.4601547683208
2024-09-16 00:00:00 UTC,553.5317684437828
2024-09-17 00:00:00 UTC,534.0307828642058
2024-09-18 00:00:00 UTC,545.8591557817873
2024-09-19 00:00:00 UTC,559.2622033756663
2024-09-20 00:00:00 UTC,565.7226434773531
2024-09-21 00:00:00 UTC,568.1419699696063
2024-09-22 00:00:00 UTC,589.1278971088337
2024-09-23 00:00:00 UTC,588.0008491467103
2024-09-24 00:00:00 UTC,604.2907205092504
2024-09-25 00:00:00 UTC,606.3196193639224
2024-09-26 00:00:00 UTC,587.4528459687532
2024-09-27 00:00:00 UTC,596.6500568684918
2024-09-28 00:00:00 UTC,608.5326765533662
2024-09-29 00:00:00 UTC,601.8844621885047
2024-09-30 00:00:00 UTC,596.6124622623387
2024-10-01 00:00:00 UTC,566.6132996895035
2024-10-02 00:00:00 UTC,547.6662085850359
2024-10-03 00:00:00 UTC,542.1361610816159
2024-10-04 00:00:00 UTC,543.9268634322848
2024-10-05 00:00:00 UTC,555.7319512863536
2024-10-06 00:00:00 UTC,563.0576257615133
2024-10-07 00:00:00 UTC,570.3887106812168
2024-10-08 00:00:00 UTC,564.5530144089458
2024-10-09 00:00:00 UTC,580.5834563804233
2024-10-10 00:00:00 UTC,570.4233445375069
2024-10-11 00:00:00 UTC,562.2876092184791
2024-10-12 00:00:00 UTC,572.6973782181188
2024-10-13 00:00:00 UTC,576.4218063678553
2024-10-14 00:00:00 UTC,572.0464555145396
2024-10-15 00:00:00 UTC,588.7145782741194
2024-10-16 00:00:00 UTC,593.7859585166118
2024-10-17 00:00:00 UTC,600.7171299370192
2024-10-18 00:00:00 UTC,592.0656203
2024-10-19 00:00:00 UTC,599.7937020052995
2024-10-20 00:00:00 UTC,598.0584515713127
2024-10-21 00:00:00 UTC,604.7364465668796
2024-10-22 00:00:00 UTC,598.8441916110455
2024-10-23 00:00:00 UTC,593.2537357882547
2024-10-24 00:00:00 UTC,584.5160075603742
2024-10-25 00:00:00 UTC,594.3258932
2024-10-26 00:00:00 UTC,573.5027977179195
2024-10-27 00:00:00 UTC,582.7002844268627
2024-10-28 00:00:00 UTC,588.3466587883522
2024-10-29 00:00:00 UTC,600.2951565105121
2024-10-30 00:00:00 UTC,605.9923660648295
2024-10-31 00:00:00 UTC,595.7628311131087
2024-11-01 00:00:00 UTC,575.5827350716986
2024-11-02 00:00:00 UTC,572.9178309294414
2024-11-03 00:00:00 UTC,568.1788705867822
2024-11-04 00:00:00 UTC,557.9719388092819
2024-11-05 00:00:00 UTC,552.0002698236904
2024-11-06 00:00:00 UTC,563.1815855751432
2024-11-07 00:00:00 UTC,591.1691503275006
2024-11-08 00:00:00 UTC,598.6118114741502
2024-11-09 00:00:00 UTC,598.0540120171064
2024-11-10 00:00:00 UTC,623.0345147169824
2024-11-11 00:00:00 UTC,628.4982208915301
2024-11-12 00:00:00 UTC,655.0019202
2024-11-13 00:00:00 UTC,629.1405449090754
2024-11-14 00:00:00 UTC,620.6711241408003
2024-11-15 00:00:00 UTC,620.7149581494238
2024-11-16 00:00:00 UTC,618.5720978479429
2024-11-17 00:00:00 UTC,622.5200094288792
2024-11-18 00:00:00 UTC,617.8473040647104
2024-11-19 00:00:00 UTC,619.6636009849202
2024-11-20 00:00:00 UTC,615.9180341474424
2024-11-21 00:00:00 UTC,607.2954246379498
2024-11-22 00:00:00 UTC,623.5047261063257
2024-11-23 00:00:00 UTC,633.0202588832259
2024-11-24 00:00:00 UTC,651.5324156029599
2024-11-25 00:00:00 UTC,661.6867306484445
2024-11-26 00:00:00 UTC,635.2624284539559
2024-11-27 00:00:00 UTC,613.7254260217858
2024-11-28 00:00:00 UTC,645.1514917318507
2024-11-29 00:00:00 UTC,654.5913158519834
2024-11-30 00:00:00 UTC,654.7716848
2024-12-01 00:00:00 UTC,655.0341088639733
2024-12-02 00:00:00 UTC,655.7348886381908
2024-12-03 00:00:00 UTC,647.1199397363577
2024-12-04 00:00:00 UTC,740.0349367441655
2024-12-05 00:00:00 UTC,736.4426842404933
2024-12-06 00:00:00 UTC,719.7623500626481
2024-12-07 00:00:00 UTC,732.5424290130477
2024-12-08 00:00:00 UTC,750.2454938747231
2024-12-09 00:00:00 UTC,745.3758374040211
2024-12-10 00:00:00 UTC,688.0073673187646
2024-12-11 00:00:00 UTC,675.4213801221093
2024-12-12 00:00:00 UTC,710.6900184753106
2024-12-13 00:00:00 UTC,705.6789649754452
2024-12-14 00:00:00 UTC,726.7722307
2024-12-15 00:00:00 UTC,715.4486038130365
2024-12-16 00:00:00 UTC,722.5581932063777
2024-12-17 00:00:00 UTC,720.6829341808788
2024-12-18 00:00:00 UTC,715.6520089733765
2024-12-19 00:00:00 UTC,687.6624331507581
2024-12-20 00:00:00 UTC,669.0228793928828
2024-12-21 00:00:00 UTC,677.8485768483023
2024-12-22 00:00:00 UTC,662.4248813776467
2024-12-23 00:00:00 UTC,648.5721398402843
2024-12-24 00:00:00 UTC,692.2861092311789
2024-12-25 00:00:00 UTC,697.9537563672064
2024-12-26 00:00:00 UTC,702.3466001659357
2024-12-27 00:00:00 UTC,687.5178696037362
2024-12-28 00:00:00 UTC,690.3639423450093
2024-12-29 00:00:00 UTC,720.5679127131004
2024-12-30 00:00:00 UTC,694.4826804506174
2024-12-31 00:00:00 UTC,703.1066174310417
2025-01-01 00:00:00 UTC,701.5723264012628
2025-01-02 00:00:00 UTC,705.8130365866023
2025-01-03 00:00:00 UTC,705.8312420795146
2025-01-04 00:00:00 UTC,713.0475655102006
2025-01-05 00:00:00 UTC,714.0857730267945
2025-01-06 00:00:00 UTC,709.3017578903202
2025-01-07 00:00:00 UTC,730.7109274996172
2025-01-08 00:00:00 UTC,696.8339974504797
2025-01-09 00:00:00 UTC,695.7266204397939
2025-01-10 00:00:00 UTC,686.2942166
2025-01-11 00:00:00 UTC,693.7427801750233
2025-01-12 00:00:00 UTC,696.7344557337125
2025-01-13 00:00:00 UTC,693.0584426939826
2025-01-14 00:00:00 UTC,688.3576507228246
2025-01-15 00:00:00 UTC,698.7434442
2025-01-16 00:00:00 UTC,714.7919481480744
2025-01-17 00:00:00 UTC,708.7829768816523
2025-01-18 00:00:00 UTC,721.1359383883954
2025-01-19 00:00:00 UTC,709.8485789
2025-01-20 00:00:00 UTC,682.3495705
2025-01-21 00:00:00 UTC,677.2617301582343
2025-01-22 00:00:00 UTC,693.0634731671475
2025-01-23 00:00:00 UTC,694.4219334575758
2025-01-24 00:00:00 UTC,689.6926515818565
2025-01-25 00:00:00 UTC,680.331261
2025-01-26 00:00:00 UTC,686.4624751742597
2025-01-27 00:00:00 UTC,664.4667087887276
2025-01-28 00:00:00 UTC,679.6778451363223
2025-01-29 00:00:00 UTC,661.6311598715406
2025-01-30 00:00:00 UTC,667.7459525
2025-01-31 00:00:00 UTC,676.9452959901981
2025-02-01 00:00:00 UTC,677.1124207686067
2025-02-02 00:00:00 UTC,654.2171434
2025-02-03 00:00:00 UTC,616.6428289864358
2025-02-04 00:00:00 UTC,616.4068055452193
2025-02-05 00:00:00 UTC,573.6042069760077
2025-02-06 00:00:00 UTC,569.5181048818762
2025-02-07 00:00:00 UTC,572.2112608064776
2025-02-08 00:00:00 UTC,578.4992668082035
2025-02-09 00:00:00 UTC,614.7094865407944
2025-02-10 00:00:00 UTC,617.2838550746773
2025-02-11 00:00:00 UTC,617.6277634766806
2025-02-12 00:00:00 UTC,643.3741162
2025-02-13 00:00:00 UTC,698.0715219546765
2025-02-14 00:00:00 UTC,669.9136528267184
2025-02-15 00:00:00 UTC,657.410706
2025-02-16 00:00:00 UTC,661.9679162628277
2025-02-17 00:00:00 UTC,674.7322746333247
2025-02-18 00:00:00 UTC,667.1818129347955
2025-02-19 00:00:00 UTC,647.7337603591404
2025-02-20 00:00:00 UTC,651.2699602601128
2025-02-21 00:00:00 UTC,657.2357183731672
2025-02-22 00:00:00 UTC,646.8031724730836
2025-02-23 00:00:00 UTC,668.7854726
2025-02-24 00:00:00 UTC,658.3040708334223
2025-02-25 00:00:00 UTC,611.6538008061765
2025-02-26 00:00:00 UTC,623.4306753
2025-02-27 00:00:00 UTC,610.3578616799338
2025-02-28 00:00:00 UTC,605.3106534011248
2025-03-01 00:00:00 UTC,587.5469266891337
2025-03-02 00:00:00 UTC,608.2885669828928
2025-03-03 00:00:00 UTC,623.6422270366194
2025-03-04 00:00:00 UTC,574.3332822956445
2025-03-05 00:00:00 UTC,583.1532087181396
2025-03-06 00:00:00 UTC,597.8485494
2025-03-07 00:00:00 UTC,595.9383138170398
2025-03-08 00:00:00 UTC,594.5528006856207
2025-03-09 00:00:00 UTC,593.0806975943264
2025-03-10 00:00:00 UTC,554.7300039388367
2025-03-11 00:00:00 UTC,532.5658810549988
2025-03-12 00:00:00 UTC,552.6254279577566
2025-03-13 00:00:00 UTC,570.7207702766447
2025-03-14 00:00:00 UTC,578.7156213732173
2025-03-15 00:00:00 UTC,586.9702499764328
2025-03-16 00:00:00 UTC,618.7666348359702
2025-03-17 00:00:00 UTC,602.0153495286127
2025-03-18 00:00:00 UTC,630.4469540119447
2025-03-19 00:00:00 UTC,628.6214098323479
2025-03-20 00:00:00 UTC,619.5659214134856
2025-03-21 00:00:00 UTC,630.2183910262637
2025-03-22 00:00:00 UTC,634.6156759206938
2025-03-23 00:00:00 UTC,626.1359464582463
2025-03-24 00:00:00 UTC,622.8085689
2025-03-25 00:00:00 UTC,635.8154787603806
2025-03-26 00:00:00 UTC,630.3112214019164
2025-03-27 00:00:00 UTC,617.8855000907927
2025-03-28 00:00:00 UTC,637.6132125269871
2025-03-29 00:00:00 UTC,619.5224559274657
2025-03-30 00:00:00 UTC,604.0434442333641
2025-03-31 00:00:00 UTC,601.4706478405623
2025-04-01 00:00:00 UTC,605.5030118
2025-04-02 00:00:00 UTC,611.0283776490112
2025-04-03 00:00:00 UTC,589.8692678191657
2025-04-04 00:00:00 UTC,592.4642522121785
2025-04-05 00:00:00 UTC,597.7592047746326
2025-04-06 00:00:00 UTC,594.0888077893536
2025-04-07 00:00:00 UTC,554.4379559214581
2025-04-08 00:00:00 UTC,554.1601019762941
2025-04-09 00:00:00 UTC,553.3962669418149
2025-04-10 00:00:00 UTC,582.2597810033054
2025-04-11 00:00:00 UTC,577.2921769307156
2025-04-12 00:00:00 UTC,586.1297244063287
2025-04-13 00:00:00 UTC,596.9496743252538
2025-04-14 00:00:00 UTC,583.6441112439634
2025-04-15 00:00:00 UTC,584.5130373558429
2025-04-16 00:00:00 UTC,579.7117342988385
2025-04-17 00:00:00 UTC,582.9884895445316
2025-04-18 00:00:00 UTC,590.1449424870344
2025-04-19 00:00:00 UTC,591.7558249048697
2025-04-20 00:00:00 UTC,592.1191922418601
2025-04-21 00:00:00 UTC,592.9015532596577
2025-04-22 00:00:00 UTC,596.7427215
2025-04-23 00:00:00 UTC,617.6497009116878
2025-04-24 00:00:00 UTC,606.1742820090113
2025-04-25 00:00:00 UTC,602.1970676660677
2025-04-26 00:00:00 UTC,600.1913883958081
2025-04-27 00:00:00 UTC,607.8085377229048
2025-04-28 00:00:00 UTC,603.5371460135477
2025-04-29 00:00:00 UTC,606.1285517158251
2025-04-30 00:00:00 UTC,600.5889575399475
2025-05-01 00:00:00 UTC,599.6302002732988
2025-05-02 00:00:00 UTC,599.5796914410877
2025-05-03 00:00:00 UTC,601.3244678537958
2025-05-04 00:00:00 UTC,599.2468842902798
2025-05-05 00:00:00 UTC,585.8899216562841
2025-05-06 00:00:00 UTC,597.9661578698278
2025-05-07 00:00:00 UTC,603.0175211984405
2025-05-08 00:00:00 UTC,603.1443692
2025-05-09 00:00:00 UTC,628.2798237375861
2025-05-10 00:00:00 UTC,666.6606824091106
2025-05-11 00:00:00 UTC,662.3379085253329
2025-05-12 00:00:00 UTC,650.8664613901699
2025-05-13 00:00:00 UTC,660.9533536861077
2025-05-14 00:00:00 UTC,666.2402578411695
2025-05-15 00:00:00 UTC,651.6490150180347
2025-05-16 00:00:00 UTC,651.1362648113163
2025-05-17 00:00:00 UTC,647.3412018782846
2025-05-18 00:00:00 UTC,639.5979769763185
2025-05-19 00:00:00 UTC,649.3806686821907
2025-05-20 00:00:00 UTC,651.0389804540937
2025-05-21 00:00:00 UTC,650.951301
2025-05-22 00:00:00 UTC,674.7138326551593
2025-05-23 00:00:00 UTC,686.0302393255067
2025-05-24 00:00:00 UTC,655.3681110510369
2025-05-25 00:00:00 UTC,667.9647953294073
2025-05-26 00:00:00 UTC,670.0121393931087
2025-05-27 00:00:00 UTC,673.7837605333261
2025-05-28 00:00:00 UTC,687.4363026293119
2025-05-29 00:00:00 UTC,687.6310593
2025-05-30 00:00:00 UTC,675.4110812815895
2025-05-31 00:00:00 UTC,656.2031380761879
2025-06-01 00:00:00 UTC,658.5726942750157
2025-06-02 00:00:00 UTC,661.3452261434389
2025-06-03 00:00:00 UTC,666.0561104906627
2025-06-04 00:00:00 UTC,661.173325
2025-06-05 00:00:00 UTC,663.7033854
2025-06-06 00:00:00 UTC,634.1479715861758
2025-06-07 00:00:00 UTC,643.7566841456504
2025-06-08 00:00:00 UTC,650.7937997932994
2025-06-09 00:00:00 UTC,652.2744285
2025-06-10 00:00:00 UTC,666.3374143222443
2025-06-11 00:00:00 UTC,673.4760595844963
2025-06-12 00:00:00 UTC,667.7388930109494
2025-06-13 00:00:00 UTC,656.4804964003403
2025-06-14 00:00:00 UTC,654.9095462616511
2025-06-15 00:00:00 UTC,645.8086677048335
2025-06-16 00:00:00 UTC,648.2042600997396
2025-06-17 00:00:00 UTC,651.4813571171453
2025-06-18 00:00:00 UTC,648.7994705
2025-06-19 00:00:00 UTC,643.7728727892951
2025-06-20 00:00:00 UTC,644.3626647131019
2025-06-21 00:00:00 UTC,641.4660754156638
2025-06-22 00:00:00 UTC,626.5687672231079
2025-06-23 00:00:00 UTC,615.9200839908369
2025-06-24 00:00:00 UTC,640.2543180324582
2025-06-25 00:00:00 UTC,643.4133640920619
2025-06-26 00:00:00 UTC,645.8665732235779
2025-06-27 00:00:00 UTC,642.4572030728536
2025-06-28 00:00:00 UTC,645.9995550778237
2025-06-29 00:00:00 UTC,648.7668052
2025-06-30 00:00:00 UTC,655.0764136195659
2025-07-01 00:00:00 UTC,657.0109566115938
2025-07-02 00:00:00 UTC,646.1777891600059
2025-07-03 00:00:00 UTC,660.0254823640146
2025-07-04 00:00:00 UTC,663.0154690088326
2025-07-05 00:00:00 UTC,653.1616270479346
2025-07-06 00:00:00 UTC,655.9253698398683
2025-07-07 00:00:00 UTC,663.0185149322261
2025-07-08 00:00:00 UTC,661.2876967099644
2025-07-09 00:00:00 UTC,660.7042150664093
2025-07-10 00:00:00 UTC,669.2613994307441
2025-07-11 00:00:00 UTC,685.1054482111715
2025-07-12 00:00:00 UTC,689.8418420972016
2025-07-13 00:00:00 UTC,685.4703165458919
2025-07-14 00:00:00 UTC,692.0429275667424
2025-07-15 00:00:00 UTC,689.3152771073793
2025-07-16 00:00:00 UTC,689.8634273
2025-07-17 00:00:00 UTC,708.5580809732663
2025-07-18 00:00:00 UTC,722.3981283678474
2025-07-19 00:00:00 UTC,729.5149107763856
2025-07-20 00:00:00 UTC,732.9272514055848
2025-07-21 00:00:00 UTC,758.1392224608369
2025-07-22 00:00:00 UTC,766.3958790528078
2025-07-23 00:00:00 UTC,786.4807204757146
2025-07-24 00:00:00 UTC,776.2226902262614
2025-07-25 00:00:00 UTC,771.2312622168195
2025-07-26 00:00:00 UTC,784.7856013546323
2025-07-27 00:00:00 UTC,794.2867236239222
2025-07-28 00:00:00 UTC,843.4496388
2025-07-29 00:00:00 UTC,822.2765976915088
2025-07-30 00:00:00 UTC,805.1438193193468
2025-07-31 00:00:00 UTC,793.8734614175534
2025-08-01 00:00:00 UTC,783.0023910772859
2025-08-02 00:00:00 UTC,756.4574114847068
2025-08-03 00:00:00 UTC,736.6587769385911
2025-08-04 00:00:00 UTC,751.4001548118117
2025-08-05 00:00:00 UTC,768.5544340737234
2025-08-06 00:00:00 UTC,754.7878000846929
2025-08-07 00:00:00 UTC,769.8555506826906
2025-08-08 00:00:00 UTC,787.1948285374559
2025-08-09 00:00:00 UTC,793.1777287850201
2025-08-10 00:00:00 UTC,799.1991047067497
2025-08-11 00:00:00 UTC,804.8956334719561
2025-08-12 00:00:00 UTC,806.8312185132748
2025-08-13 00:00:00 UTC,834.4466375
2025-08-14 00:00:00 UTC,849.5528663342336
2025-08-15 00:00:00 UTC,842.2643191559952
2025-08-16 00:00:00 UTC,827.2916811192079
2025-08-17 00:00:00 UTC,839.0566611983465
2025-08-18 00:00:00 UTC,856.9424560582937
2025-08-19 00:00:00 UTC,848.2298792758197
2025-08-20 00:00:00 UTC,823.4566682430556
2025-08-21 00:00:00 UTC,870.0388548973078
2025-08-22 00:00:00 UTC,838.3671602294102
2025-08-23 00:00:00 UTC,899.0447590707095
2025-08-24 00:00:00 UTC,880.2145462822662
2025-08-25 00:00:00 UTC,876.0729413672346
2025-08-26 00:00:00 UTC,840.2868104582814
2025-08-27 00:00:00 UTC,864.1213024474413
2025-08-28 00:00:00 UTC,856.0552312979237
2025-08-29 00:00:00 UTC,874.7487534677291
2025-08-30 00:00:00 UTC,863.6575485254209
2025-08-31 00:00:00 UTC,861.9234691
2025-09-01 00:00:00 UTC,857.819602
2025-09-02 00:00:00 UTC,845.9164879
2025-09-03 00:00:00 UTC,851.6937445280856
2025-09-04 00:00:00 UTC,855.1110256828161
2025-09-05 00:00:00 UTC,843.6735934362805
2025-09-06 00:00:00 UTC,849.7184902459278
2025-09-07 00:00:00 UTC,861.6639369838142
2025-09-08 00:00:00 UTC,881.3845363246559
2025-09-09 00:00:00 UTC,878.2339242329539
2025-09-10 00:00:00 UTC,879.8338172
2025-09-11 00:00:00 UTC,893.5787933
2025-09-12 00:00:00 UTC,902.876847
2025-09-13 00:00:00 UTC,925.1660418381477
2025-09-14 00:00:00 UTC,933.8971704994946
2025-09-15 00:00:00 UTC,926.8412817390542
2025-09-16 00:00:00 UTC,919.2250351484705
2025-09-17 00:00:00 UTC,955.3487499241552
2025-09-18 00:00:00 UTC,991.3973181432295
2025-09-19 00:00:00 UTC,982.0765707
2025-09-20 00:00:00 UTC,982.6879738189483
2025-09-21 00:00:00 UTC,1042.406078066426
2025-09-22 00:00:00 UTC,1048.5649851048527
2025-09-23 00:00:00 UTC,992.3881905006706
2025-09-24 00:00:00 UTC,1017.4645009307637
2025-09-25 00:00:00 UTC,1018.067792712729
2025-09-26 00:00:00 UTC,944.4003758447785
2025-09-27 00:00:00 UTC,960.6805874196078
2025-09-28 00:00:00 UTC,968.6806715896132
2025-09-29 00:00:00 UTC,993.2079048442275
2025-09-30 00:00:00 UTC,1030.030963111487
2025-10-01 00:00:00 UTC,1008.9225311714104
2025-10-02 00:00:00 UTC,1025.8187850123247
2025-10-03 00:00:00 UTC,1090.3115640663682
2025-10-04 00:00:00 UTC,1190.0540938314145
2025-10-05 00:00:00 UTC,1149.536376093483
2025-10-06 00:00:00 UTC,1165.4778023162069
2025-10-07 00:00:00 UTC,1224.574210222444
2025-10-08 00:00:00 UTC,1311.712914691701
2025-10-09 00:00:00 UTC,1306.4812320510532
2025-10-10 00:00:00 UTC,1255.8786646242372
2025-10-11 00:00:00 UTC,1110.8141755974673
2025-10-12 00:00:00 UTC,1138.1246823442061
2025-10-13 00:00:00 UTC,1298.7908005975073
2025-10-14 00:00:00 UTC,1293.0722313476617
2025-10-15 00:00:00 UTC,1212.283351974494
2025-10-16 00:00:00 UTC,1161.734804798178
2025-10-17 00:00:00 UTC,1143.731369922843
2025-10-18 00:00:00 UTC,1071.5486432574182
2025-10-19 00:00:00 UTC,1092.456873698318
2025-10-20 00:00:00 UTC,1109.7463758132928
2025-10-21 00:00:00 UTC,1100.594219041398
2025-10-22 00:00:00 UTC,1057.8502060144851
2025-10-23 00:00:00 UTC,1071.3354220022431
2025-10-24 00:00:00 UTC,1127.358071433892
2025-10-25 00:00:00 UTC,1109.178393744721
2025-10-26 00:00:00 UTC,1116.6415202338756
2025-10-27 00:00:00 UTC,1136.879092448019
2025-10-28 00:00:00 UTC,1140.4846092726004
2025-10-29 00:00:00 UTC,1103.595300080196
2025-10-30 00:00:00 UTC,1106.7871126244677
2025-10-31 00:00:00 UTC,1078.7188521029816
2025-11-01 00:00:00 UTC,1088.7331766998475
2025-11-02 00:00:00 UTC,1094.4541628666802
2025-11-03 00:00:00 UTC,1083.698416513334
2025-11-04 00:00:00 UTC,992.1955319
2025-11-05 00:00:00 UTC,938.8917516
2025-11-06 00:00:00 UTC,959.9701458776641
2025-11-07 00:00:00 UTC,948.6793778409456
2025-11-08 00:00:00 UTC,990.5899790534177
2025-11-09 00:00:00 UTC,989.8862403988059
2025-11-10 00:00:00 UTC,996.30879
2025-11-11 00:00:00 UTC,991.3653787289568
2025-11-12 00:00:00 UTC,957.1492797
2025-11-13 00:00:00 UTC,952.9170115918621
2025-11-14 00:00:00 UTC,927.1219876913323
2025-11-15 00:00:00 UTC,917.7022398201406
2025-11-16 00:00:00 UTC,931.9743286141038
2025-11-17 00:00:00 UTC,928.5079796470696
2025-11-18 00:00:00 UTC,906.7197811831101
2025-11-19 00:00:00 UTC,932.0597430569885
2025-11-20 00:00:00 UTC,894.7896141305321
2025-11-21 00:00:00 UTC,866.7212975475668
2025-11-22 00:00:00 UTC,831.1648478578168
2025-11-23 00:00:00 UTC,833.4782529297297
2025-11-24 00:00:00 UTC,843.0327408998495
2025-11-25 00:00:00 UTC,864.3540154398011
2025-11-26 00:00:00 UTC,861.9171451304046
2025-11-27 00:00:00 UTC,891.7232823713881
2025-11-28 00:00:00 UTC,895.3979231885241
2025-11-29 00:00:00 UTC,887.5558493593282
2025-11-30 00:00:00 UTC,873.7626867754427
2025-12-01 00:00:00 UTC,877.7990241108373
2025-12-02 00:00:00 UTC,827.4880333310571
2025-12-03 00:00:00 UTC,876.7469880502844
2025-12-04 00:00:00 UTC,922.3452824680271
2025-12-05 00:00:00 UTC,900.2311130891073
2025-12-06 00:00:00 UTC,883.6707054897142
2025-12-07 00:00:00 UTC,890.2442866831284
2025-12-08 00:00:00 UTC,892.8659344513236
2025-12-09 00:00:00 UTC,897.4003709684328
2025-12-10 00:00:00 UTC,899.4035882994448
2025-12-11 00:00:00 UTC,894.4021116794611
2025-12-12 00:00:00 UTC,885.6320356392306
2025-12-13 00:00:00 UTC,882.1612967807799
2025-12-14 00:00:00 UTC,897.3110444563038
2025-12-15 00:00:00 UTC,878.3885175348196
2025-12-16 00:00:00 UTC,858.4116623377057
2025-12-17 00:00:00 UTC,874.6720838564994
2025-12-18 00:00:00 UTC,842.7888780335543
2025-12-19 00:00:00 UTC,829.1719378700606
2025-12-20 00:00:00 UTC,855.9571173
2025-12-21 00:00:00 UTC,853.5635263159346
2025-12-22 00:00:00 UTC,857.8618459584029
2025-12-23 00:00:00 UTC,858.0184741
2025-12-24 00:00:00 UTC,843.9156558740143
2025-12-25 00:00:00 UTC,846.6127954902438
2025-12-26 00:00:00 UTC,828.8695540284072
2025-12-27 00:00:00 UTC,834.3408283262127
2025-12-28 00:00:00 UTC,844.6780493960856
2025-12-29 00:00:00 UTC,858.791573
2025-12-30 00:00:00 UTC,851.1900442578194
2025-12-31 00:00:00 UTC,860.3384247437768
2026-01-01 00:00:00 UTC,863.1574666286001
2026-01-02 00:00:00 UTC,862.9202786806326
2026-01-03 00:00:00 UTC,880.5981987516783
2026-01-04 00:00:00 UTC,878.7329288702774
2026-01-05 00:00:00 UTC,894.4508344273104
2026-01-06 00:00:00 UTC,910.9079403595276
2026-01-07 00:00:00 UTC,917.6345878314794
2026-01-08 00:00:00 UTC,899.3115791273906
2026-01-09 00:00:00 UTC,891.5992569838319
2026-01-10 00:00:00 UTC,895.5121731855866
2026-01-11 00:00:00 UTC,906.6887224157771
2026-01-12 00:00:00 UTC,902.7664964152219
2026-01-13 00:00:00 UTC,905.5295124491013
2026-01-14 00:00:00 UTC,942.4122356291538
2026-01-15 00:00:00 UTC,949.0987145957889
2026-01-16 00:00:00 UTC,930.8892064404015
2026-01-17 00:00:00 UTC,937.6878963
2026-01-18 00:00:00 UTC,946.9959081738135
2026-01-19 00:00:00 UTC,933.8079144307845
2026-01-20 00:00:00 UTC,922.3076030339913
2026-01-21 00:00:00 UTC,884.4648847958442
2026-01-22 00:00:00 UTC,882.3554922284878
2026-01-23 00:00:00 UTC,886.8801866366052
2026-01-24 00:00:00 UTC,890.5047011445338
2026-01-25 00:00:00 UTC,886.0721909071814
2026-01-26 00:00:00 UTC,864.4439519225823
2026-01-27 00:00:00 UTC,878.6274796967367
2026-01-28 00:00:00 UTC,897.6724320123695
2026-01-29 00:00:00 UTC,901.2090745596357
2026-01-30 00:00:00 UTC,867.7347946909455
2026-01-31 00:00:00 UTC,857.3699420639612
2026-02-01 00:00:00 UTC,780.3315668159182
2026-02-02 00:00:00 UTC,757.9446598202101
2026-02-03 00:00:00 UTC,775.3120806273045
2026-02-04 00:00:00 UTC,753.6152462766961
2026-02-05 00:00:00 UTC,699.2319544532423
2026-02-06 00:00:00 UTC,604.9019639
2026-02-07 00:00:00 UTC,657.3066553
2026-02-08 00:00:00 UTC,647.5717167
2026-02-09 00:00:00 UTC,641.3063396421284
2026-02-10 00:00:00 UTC,636.1584708
2026-02-11 00:00:00 UTC,619.5022534339905
2026-02-12 00:00:00 UTC,607.0100650556328
2026-02-13 00:00:00 UTC,613.5884218776979
2026-02-14 00:00:00 UTC,618.6972942245542
2026-02-15 00:00:00 UTC,633.3146544
2026-02-16 00:00:00 UTC,614.2781615559984
2026-02-17 00:00:00 UTC,626.9455367382164
2026-02-18 00:00:00 UTC,617.5002211755236
2026-02-19 00:00:00 UTC,604.7780192707222
2026-02-20 00:00:00 UTC,607.1450788289527
2026-02-21 00:00:00 UTC,625.1658113899997
2026-02-22 00:00:00 UTC,625.9459360696097
2026-02-23 00:00:00 UTC,614.0943323849417
2026-02-24 00:00:00 UTC,595.8411773
2026-02-25 00:00:00 UTC,583.9198219
2026-02-26 00:00:00 UTC,628.2228200794851
2026-02-27 00:00:00 UTC,625.9211039706134
2026-02-28 00:00:00 UTC,613.9686612193877
2026-03-01 00:00:00 UTC,617.5322050027751
2026-03-02 00:00:00 UTC,616.8269097979393
2026-03-03 00:00:00 UTC,637.4936332653224
2026-03-04 00:00:00 UTC,633.9153172943332
2026-03-05 00:00:00 UTC,657.5355575822484
2026-03-06 00:00:00 UTC,647.8545990969939
2026-03-07 00:00:00 UTC,627.3743722428251
2026-03-08 00:00:00 UTC,620.1335218839806
2026-03-09 00:00:00 UTC,611.9500451871007
2026-03-10 00:00:00 UTC,634.3477951671313
2026-03-11 00:00:00 UTC,641.6585289358178
2026-03-12 00:00:00 UTC,651.4385570212381
2026-03-13 00:00:00 UTC,652.3204295577726
2026-03-14 00:00:00 UTC,656.0082976549179
2026-03-15 00:00:00 UTC,657.9077116578025
2026-03-16 00:00:00 UTC,673.7790391797466
2026-03-17 00:00:00 UTC,679.6057646827234
2026-03-18 00:00:00 UTC,668.4582026519276
2026-03-19 00:00:00 UTC,651.8894789
2026-03-20 00:00:00 UTC,638.9476995490274
2026-03-21 00:00:00 UTC,642.2798347520329
2026-03-22 00:00:00 UTC,629.5885290033027
2026-03-23 00:00:00 UTC,626.2400112141628
2026-03-24 00:00:00 UTC,638.7006153893446
2026-03-25 00:00:00 UTC,638.2722605721722
2026-03-26 00:00:00 UTC,647.3180223384383
2026-03-27 00:00:00 UTC,628.9190223638835
2026-03-28 00:00:00 UTC,613.1713620815611
2026-03-29 00:00:00 UTC,610.4645237576061
2026-03-30 00:00:00 UTC,605.6869270198512
2026-03-31 00:00:00 UTC,608.6013327334239
2026-04-01 00:00:00 UTC,616.7739614216982
2026-04-02 00:00:00 UTC,610.7257387079188
2026-04-03 00:00:00 UTC,583.2343462184504
2026-04-04 00:00:00 UTC,588.1023061457563
2026-04-05 00:00:00 UTC,593.3737522068442
2026-04-06 00:00:00 UTC,601.5319277415803
2026-04-07 00:00:00 UTC,600.2118425663355
2026-04-08 00:00:00 UTC,620.4758823184727
2026-04-09 00:00:00 UTC,601.1825872790433
2026-04-10 00:00:00 UTC,602.7816776325137
2026-04-11 00:00:00 UTC,605.8959543933561
2026-04-12 00:00:00 UTC,607.4205594243359
2026-04-13 00:00:00 UTC,592.4016532719136
2026-04-14 00:00:00 UTC,615.0582235280093
2026-04-15 00:00:00 UTC,614.3018457281473
2026-04-16 00:00:00 UTC,622.8075892645858
2026-04-17 00:00:00 UTC,635.8470780970079
2026-04-18 00:00:00 UTC,643.5219619509379
2026-04-19 00:00:00 UTC,630.3120339001613
2026-04-20 00:00:00 UTC,616.3721959028703
2026-04-21 00:00:00 UTC,629.4702714172033
2026-04-22 00:00:00 UTC,631.9080331573377
2026-04-23 00:00:00 UTC,637.7284506868011
2026-04-24 00:00:00 UTC,638.779923
2026-04-25 00:00:00 UTC,636.4798355140537
2026-04-26 00:00:00 UTC,628.7041266428481
2026-04-27 00:00:00 UTC,636.1188584264361
2026-04-28 00:00:00 UTC,626.6375245547653
2026-04-29 00:00:00 UTC,624.4454757814419
2026-04-30 00:00:00 UTC,617.1944574315557
2026-05-01 00:00:00 UTC,615.1683640508885
2026-05-02 00:00:00 UTC,615.3527215
2026-05-03 00:00:00 UTC,617.8687168511913
2026-05-04 00:00:00 UTC,617.6853294
2026-05-05 00:00:00 UTC,622.7350647297969
